exp_name,seed,model_name,batch_size,epochs,ATE,desc,treatment_column,confounds_column,ATE_unadjusted,ATE_adjusted
exp1,7000,timm/eva02_tiny_patch14_224.mim_in22k,32,3,-0.17780528749554086,/root/graduation_thetis/causal-bert-pytorch/input/modelinput/noise-T-boost/Appliance_preprocess_sharpness_ave_t0.8c0.8_noise0.5_1221-T_boost.csv,T_proxy,sharpness_ave,-0.17014535456192958,-0.16242836271869773
exp2,7000,timm/eva02_tiny_patch14_224.mim_in22k,32,3,-0.16862181917128186,/root/graduation_thetis/causal-bert-pytorch/input/modelinput/noise-T-boost/Appliance_preprocess_sharpness_ave_t0.8c10_noise0.5_1221-T_boost.csv,T_proxy,sharpness_ave,-0.2344239287859866,-0.13167304960414383
exp3,7000,timm/eva02_tiny_patch14_224.mim_in22k,32,3,-0.1613099419111691,/root/graduation_thetis/causal-bert-pytorch/input/modelinput/noise-T-boost/Watch_preprocess_sharpness_ave_t0.8c0.8_noise0.5_1221-T_boost.csv,T_proxy,sharpness_ave,-0.15868871241095217,-0.17249936689504689
exp4,7000,timm/eva02_tiny_patch14_224.mim_in22k,32,3,-0.199873886267459,/root/graduation_thetis/causal-bert-pytorch/input/modelinput/noise-T-boost/Watch_preprocess_sharpness_ave_t0.8c10.0_noise0.5_1221-T_boost.csv,T_proxy,sharpness_ave,-0.16422768189284076,-0.15937690236471116
exp5,8000,timm/eva02_tiny_patch14_224.mim_in22k,32,3,-0.140863797550728,/root/graduation_thetis/causal-bert-pytorch/input/modelinput/noise-T-boost/Appliance_preprocess_sharpness_ave_t0.8c0.8_noise0.5_1221-T_boost.csv,T_proxy,sharpness_ave,-0.17014535456192958,-0.16242836271869773
exp6,8000,timm/eva02_tiny_patch14_224.mim_in22k,32,3,-0.1647420850807851,/root/graduation_thetis/causal-bert-pytorch/input/modelinput/noise-T-boost/Appliance_preprocess_sharpness_ave_t0.8c10_noise0.5_1221-T_boost.csv,T_proxy,sharpness_ave,-0.2344239287859866,-0.13167304960414383
exp7,8000,timm/eva02_tiny_patch14_224.mim_in22k,32,3,-0.1447112030491434,/root/graduation_thetis/causal-bert-pytorch/input/modelinput/noise-T-boost/Watch_preprocess_sharpness_ave_t0.8c0.8_noise0.5_1221-T_boost.csv,T_proxy,sharpness_ave,-0.15868871241095217,-0.17249936689504689
exp8,8000,timm/eva02_tiny_patch14_224.mim_in22k,32,3,-0.1360157458021921,/root/graduation_thetis/causal-bert-pytorch/input/modelinput/noise-T-boost/Watch_preprocess_sharpness_ave_t0.8c10.0_noise0.5_1221-T_boost.csv,T_proxy,sharpness_ave,-0.16422768189284076,-0.15937690236471116
exp9,9000,timm/eva02_tiny_patch14_224.mim_in22k,32,3,-0.09535873126915634,/root/graduation_thetis/causal-bert-pytorch/input/modelinput/noise-T-boost/Appliance_preprocess_sharpness_ave_t0.8c0.8_noise0.5_1221-T_boost.csv,T_proxy,sharpness_ave,-0.17014535456192958,-0.16242836271869773
exp10,9000,timm/eva02_tiny_patch14_224.mim_in22k,32,3,-0.18345735995698578,/root/graduation_thetis/causal-bert-pytorch/input/modelinput/noise-T-boost/Appliance_preprocess_sharpness_ave_t0.8c10_noise0.5_1221-T_boost.csv,T_proxy,sharpness_ave,-0.2344239287859866,-0.13167304960414383
exp11,9000,timm/eva02_tiny_patch14_224.mim_in22k,32,3,-0.07156612141513641,/root/graduation_thetis/causal-bert-pytorch/input/modelinput/noise-T-boost/Watch_preprocess_sharpness_ave_t0.8c0.8_noise0.5_1221-T_boost.csv,T_proxy,sharpness_ave,-0.15868871241095217,-0.17249936689504689
exp12,9000,timm/eva02_tiny_patch14_224.mim_in22k,32,3,-0.09291657981155925,/root/graduation_thetis/causal-bert-pytorch/input/modelinput/noise-T-boost/Watch_preprocess_sharpness_ave_t0.8c10.0_noise0.5_1221-T_boost.csv,T_proxy,sharpness_ave,-0.16422768189284076,-0.15937690236471116
exp13,100,timm/eva02_tiny_patch14_224.mim_in22k,32,3,-0.15431206979422232,/root/graduation_thetis/causal-bert-pytorch/input/modelinput/noise-T-boost/Appliance_preprocess_sharpness_ave_t0.8c0.8_noise0.5_1221-T_boost.csv,T_proxy,sharpness_ave,-0.17014535456192958,-0.16242836271869773
exp14,100,timm/eva02_tiny_patch14_224.mim_in22k,32,3,-0.1701837818972469,/root/graduation_thetis/causal-bert-pytorch/input/modelinput/noise-T-boost/Appliance_preprocess_sharpness_ave_t0.8c10_noise0.5_1221-T_boost.csv,T_proxy,sharpness_ave,-0.2344239287859866,-0.13167304960414383
exp15,100,timm/eva02_tiny_patch14_224.mim_in22k,32,3,-0.1677075487857609,/root/graduation_thetis/causal-bert-pytorch/input/modelinput/noise-T-boost/Watch_preprocess_sharpness_ave_t0.8c0.8_noise0.5_1221-T_boost.csv,T_proxy,sharpness_ave,-0.15868871241095217,-0.17249936689504689
exp16,100,timm/eva02_tiny_patch14_224.mim_in22k,32,3,-0.14492348568058197,/root/graduation_thetis/causal-bert-pytorch/input/modelinput/noise-T-boost/Watch_preprocess_sharpness_ave_t0.8c10.0_noise0.5_1221-T_boost.csv,T_proxy,sharpness_ave,-0.16422768189284076,-0.15937690236471116
exp17,200,timm/eva02_tiny_patch14_224.mim_in22k,32,3,-0.11457013276564268,/root/graduation_thetis/causal-bert-pytorch/input/modelinput/noise-T-boost/Appliance_preprocess_sharpness_ave_t0.8c0.8_noise0.5_1221-T_boost.csv,T_proxy,sharpness_ave,-0.17014535456192958,-0.16242836271869773
exp18,200,timm/eva02_tiny_patch14_224.mim_in22k,32,3,-0.1714375511103271,/root/graduation_thetis/causal-bert-pytorch/input/modelinput/noise-T-boost/Appliance_preprocess_sharpness_ave_t0.8c10_noise0.5_1221-T_boost.csv,T_proxy,sharpness_ave,-0.2344239287859866,-0.13167304960414383
exp19,200,timm/eva02_tiny_patch14_224.mim_in22k,32,3,-0.22036761265958665,/root/graduation_thetis/causal-bert-pytorch/input/modelinput/noise-T-boost/Watch_preprocess_sharpness_ave_t0.8c0.8_noise0.5_1221-T_boost.csv,T_proxy,sharpness_ave,-0.15868871241095217,-0.17249936689504689
exp20,200,timm/eva02_tiny_patch14_224.mim_in22k,32,3,-0.20003741436955558,/root/graduation_thetis/causal-bert-pytorch/input/modelinput/noise-T-boost/Watch_preprocess_sharpness_ave_t0.8c10.0_noise0.5_1221-T_boost.csv,T_proxy,sharpness_ave,-0.16422768189284076,-0.15937690236471116
exp21,300,timm/eva02_tiny_patch14_224.mim_in22k,32,3,-0.10012544799040465,/root/graduation_thetis/causal-bert-pytorch/input/modelinput/noise-T-boost/Appliance_preprocess_sharpness_ave_t0.8c0.8_noise0.5_1221-T_boost.csv,T_proxy,sharpness_ave,-0.17014535456192958,-0.16242836271869773
exp22,300,timm/eva02_tiny_patch14_224.mim_in22k,32,3,-0.1489772845178041,/root/graduation_thetis/causal-bert-pytorch/input/modelinput/noise-T-boost/Appliance_preprocess_sharpness_ave_t0.8c10_noise0.5_1221-T_boost.csv,T_proxy,sharpness_ave,-0.2344239287859866,-0.13167304960414383
exp23,300,timm/eva02_tiny_patch14_224.mim_in22k,32,3,-0.12372488602852316,/root/graduation_thetis/causal-bert-pytorch/input/modelinput/noise-T-boost/Watch_preprocess_sharpness_ave_t0.8c0.8_noise0.5_1221-T_boost.csv,T_proxy,sharpness_ave,-0.15868871241095217,-0.17249936689504689
exp24,300,timm/eva02_tiny_patch14_224.mim_in22k,32,3,-0.12003780462723476,/root/graduation_thetis/causal-bert-pytorch/input/modelinput/noise-T-boost/Watch_preprocess_sharpness_ave_t0.8c10.0_noise0.5_1221-T_boost.csv,T_proxy,sharpness_ave,-0.16422768189284076,-0.15937690236471116
exp25,400,timm/eva02_tiny_patch14_224.mim_in22k,32,3,-0.15674473453061116,/root/graduation_thetis/causal-bert-pytorch/input/modelinput/noise-T-boost/Appliance_preprocess_sharpness_ave_t0.8c0.8_noise0.5_1221-T_boost.csv,T_proxy,sharpness_ave,-0.17014535456192958,-0.16242836271869773
exp26,400,timm/eva02_tiny_patch14_224.mim_in22k,32,3,-0.16990785403655329,/root/graduation_thetis/causal-bert-pytorch/input/modelinput/noise-T-boost/Appliance_preprocess_sharpness_ave_t0.8c10_noise0.5_1221-T_boost.csv,T_proxy,sharpness_ave,-0.2344239287859866,-0.13167304960414383
exp27,400,timm/eva02_tiny_patch14_224.mim_in22k,32,3,-0.17894027604073687,/root/graduation_thetis/causal-bert-pytorch/input/modelinput/noise-T-boost/Watch_preprocess_sharpness_ave_t0.8c0.8_noise0.5_1221-T_boost.csv,T_proxy,sharpness_ave,-0.15868871241095217,-0.17249936689504689
exp28,400,timm/eva02_tiny_patch14_224.mim_in22k,32,3,-0.1706430195671056,/root/graduation_thetis/causal-bert-pytorch/input/modelinput/noise-T-boost/Watch_preprocess_sharpness_ave_t0.8c10.0_noise0.5_1221-T_boost.csv,T_proxy,sharpness_ave,-0.16422768189284076,-0.15937690236471116
exp29,500,timm/eva02_tiny_patch14_224.mim_in22k,32,3,-0.15880517200084848,/root/graduation_thetis/causal-bert-pytorch/input/modelinput/noise-T-boost/Appliance_preprocess_sharpness_ave_t0.8c0.8_noise0.5_1221-T_boost.csv,T_proxy,sharpness_ave,-0.17014535456192958,-0.16242836271869773
exp30,500,timm/eva02_tiny_patch14_224.mim_in22k,32,3,-0.22733531057980358,/root/graduation_thetis/causal-bert-pytorch/input/modelinput/noise-T-boost/Appliance_preprocess_sharpness_ave_t0.8c10_noise0.5_1221-T_boost.csv,T_proxy,sharpness_ave,-0.2344239287859866,-0.13167304960414383
exp31,500,timm/eva02_tiny_patch14_224.mim_in22k,32,3,-0.1306109606817738,/root/graduation_thetis/causal-bert-pytorch/input/modelinput/noise-T-boost/Watch_preprocess_sharpness_ave_t0.8c0.8_noise0.5_1221-T_boost.csv,T_proxy,sharpness_ave,-0.15868871241095217,-0.17249936689504689
exp32,500,timm/eva02_tiny_patch14_224.mim_in22k,32,3,-0.08890749794899384,/root/graduation_thetis/causal-bert-pytorch/input/modelinput/noise-T-boost/Watch_preprocess_sharpness_ave_t0.8c10.0_noise0.5_1221-T_boost.csv,T_proxy,sharpness_ave,-0.16422768189284076,-0.15937690236471116
exp33,600,timm/eva02_tiny_patch14_224.mim_in22k,32,3,-0.1414905114626146,/root/graduation_thetis/causal-bert-pytorch/input/modelinput/noise-T-boost/Appliance_preprocess_sharpness_ave_t0.8c0.8_noise0.5_1221-T_boost.csv,T_proxy,sharpness_ave,-0.17014535456192958,-0.16242836271869773
exp34,600,timm/eva02_tiny_patch14_224.mim_in22k,32,3,-0.148716119343465,/root/graduation_thetis/causal-bert-pytorch/input/modelinput/noise-T-boost/Appliance_preprocess_sharpness_ave_t0.8c10_noise0.5_1221-T_boost.csv,T_proxy,sharpness_ave,-0.2344239287859866,-0.13167304960414383
exp35,600,timm/eva02_tiny_patch14_224.mim_in22k,32,3,-0.19449282004022414,/root/graduation_thetis/causal-bert-pytorch/input/modelinput/noise-T-boost/Watch_preprocess_sharpness_ave_t0.8c0.8_noise0.5_1221-T_boost.csv,T_proxy,sharpness_ave,-0.15868871241095217,-0.17249936689504689
exp36,600,timm/eva02_tiny_patch14_224.mim_in22k,32,3,-0.1345415394659906,/root/graduation_thetis/causal-bert-pytorch/input/modelinput/noise-T-boost/Watch_preprocess_sharpness_ave_t0.8c10.0_noise0.5_1221-T_boost.csv,T_proxy,sharpness_ave,-0.16422768189284076,-0.15937690236471116
exp37,700,timm/eva02_tiny_patch14_224.mim_in22k,32,3,-0.13960265984854373,/root/graduation_thetis/causal-bert-pytorch/input/modelinput/noise-T-boost/Appliance_preprocess_sharpness_ave_t0.8c0.8_noise0.5_1221-T_boost.csv,T_proxy,sharpness_ave,-0.17014535456192958,-0.16242836271869773
exp38,700,timm/eva02_tiny_patch14_224.mim_in22k,32,3,-0.14961819875053303,/root/graduation_thetis/causal-bert-pytorch/input/modelinput/noise-T-boost/Appliance_preprocess_sharpness_ave_t0.8c10_noise0.5_1221-T_boost.csv,T_proxy,sharpness_ave,-0.2344239287859866,-0.13167304960414383
exp39,700,timm/eva02_tiny_patch14_224.mim_in22k,32,3,-0.09938262509817333,/root/graduation_thetis/causal-bert-pytorch/input/modelinput/noise-T-boost/Watch_preprocess_sharpness_ave_t0.8c0.8_noise0.5_1221-T_boost.csv,T_proxy,sharpness_ave,-0.15868871241095217,-0.17249936689504689
exp40,700,timm/eva02_tiny_patch14_224.mim_in22k,32,3,-0.08621278976831363,/root/graduation_thetis/causal-bert-pytorch/input/modelinput/noise-T-boost/Watch_preprocess_sharpness_ave_t0.8c10.0_noise0.5_1221-T_boost.csv,T_proxy,sharpness_ave,-0.16422768189284076,-0.15937690236471116
exp41,42,timm/eva02_tiny_patch14_224.mim_in22k,32,3,-0.22133359174565173,/root/graduation_thetis/causal-bert-pytorch/input/modelinput/noise-T-boost/Appliance_preprocess_sharpness_ave_t0.8c0.8_noise0.5_1221-T_boost.csv,T_proxy,sharpness_ave,-0.17014535456192958,-0.16242836271869773
exp42,42,timm/eva02_tiny_patch14_224.mim_in22k,32,3,-0.21173044297154978,/root/graduation_thetis/causal-bert-pytorch/input/modelinput/noise-T-boost/Appliance_preprocess_sharpness_ave_t0.8c10_noise0.5_1221-T_boost.csv,T_proxy,sharpness_ave,-0.2344239287859866,-0.13167304960414383
exp43,42,timm/eva02_tiny_patch14_224.mim_in22k,32,3,-0.11931450220546282,/root/graduation_thetis/causal-bert-pytorch/input/modelinput/noise-T-boost/Watch_preprocess_sharpness_ave_t0.8c0.8_noise0.5_1221-T_boost.csv,T_proxy,sharpness_ave,-0.15868871241095217,-0.17249936689504689
exp44,42,timm/eva02_tiny_patch14_224.mim_in22k,32,3,-0.161767024743534,/root/graduation_thetis/causal-bert-pytorch/input/modelinput/noise-T-boost/Watch_preprocess_sharpness_ave_t0.8c10.0_noise0.5_1221-T_boost.csv,T_proxy,sharpness_ave,-0.16422768189284076,-0.15937690236471116
exp45,123,timm/eva02_tiny_patch14_224.mim_in22k,32,3,-0.1737029887462595,/root/graduation_thetis/causal-bert-pytorch/input/modelinput/noise-T-boost/Appliance_preprocess_sharpness_ave_t0.8c0.8_noise0.5_1221-T_boost.csv,T_proxy,sharpness_ave,-0.17014535456192958,-0.16242836271869773
exp46,123,timm/eva02_tiny_patch14_224.mim_in22k,32,3,-0.21845972502168448,/root/graduation_thetis/causal-bert-pytorch/input/modelinput/noise-T-boost/Appliance_preprocess_sharpness_ave_t0.8c10_noise0.5_1221-T_boost.csv,T_proxy,sharpness_ave,-0.2344239287859866,-0.13167304960414383
exp47,123,timm/eva02_tiny_patch14_224.mim_in22k,32,3,-0.19037287788813745,/root/graduation_thetis/causal-bert-pytorch/input/modelinput/noise-T-boost/Watch_preprocess_sharpness_ave_t0.8c0.8_noise0.5_1221-T_boost.csv,T_proxy,sharpness_ave,-0.15868871241095217,-0.17249936689504689
exp48,123,timm/eva02_tiny_patch14_224.mim_in22k,32,3,-0.13797804614195244,/root/graduation_thetis/causal-bert-pytorch/input/modelinput/noise-T-boost/Watch_preprocess_sharpness_ave_t0.8c10.0_noise0.5_1221-T_boost.csv,T_proxy,sharpness_ave,-0.16422768189284076,-0.15937690236471116
exp49,456,timm/eva02_tiny_patch14_224.mim_in22k,32,3,-0.08779678586642725,/root/graduation_thetis/causal-bert-pytorch/input/modelinput/noise-T-boost/Appliance_preprocess_sharpness_ave_t0.8c0.8_noise0.5_1221-T_boost.csv,T_proxy,sharpness_ave,-0.17014535456192958,-0.16242836271869773
exp50,456,timm/eva02_tiny_patch14_224.mim_in22k,32,3,-0.114489396466299,/root/graduation_thetis/causal-bert-pytorch/input/modelinput/noise-T-boost/Appliance_preprocess_sharpness_ave_t0.8c10_noise0.5_1221-T_boost.csv,T_proxy,sharpness_ave,-0.2344239287859866,-0.13167304960414383
exp51,456,timm/eva02_tiny_patch14_224.mim_in22k,32,3,-0.14728567243081755,/root/graduation_thetis/causal-bert-pytorch/input/modelinput/noise-T-boost/Watch_preprocess_sharpness_ave_t0.8c0.8_noise0.5_1221-T_boost.csv,T_proxy,sharpness_ave,-0.15868871241095217,-0.17249936689504689
exp52,456,timm/eva02_tiny_patch14_224.mim_in22k,32,3,-0.17997705528157296,/root/graduation_thetis/causal-bert-pytorch/input/modelinput/noise-T-boost/Watch_preprocess_sharpness_ave_t0.8c10.0_noise0.5_1221-T_boost.csv,T_proxy,sharpness_ave,-0.16422768189284076,-0.15937690236471116
exp53,789,timm/eva02_tiny_patch14_224.mim_in22k,32,3,-0.14916133974734222,/root/graduation_thetis/causal-bert-pytorch/input/modelinput/noise-T-boost/Appliance_preprocess_sharpness_ave_t0.8c0.8_noise0.5_1221-T_boost.csv,T_proxy,sharpness_ave,-0.17014535456192958,-0.16242836271869773
exp54,789,timm/eva02_tiny_patch14_224.mim_in22k,32,3,-0.13735906321922745,/root/graduation_thetis/causal-bert-pytorch/input/modelinput/noise-T-boost/Appliance_preprocess_sharpness_ave_t0.8c10_noise0.5_1221-T_boost.csv,T_proxy,sharpness_ave,-0.2344239287859866,-0.13167304960414383
exp55,789,timm/eva02_tiny_patch14_224.mim_in22k,32,3,-0.14164224087847452,/root/graduation_thetis/causal-bert-pytorch/input/modelinput/noise-T-boost/Watch_preprocess_sharpness_ave_t0.8c0.8_noise0.5_1221-T_boost.csv,T_proxy,sharpness_ave,-0.15868871241095217,-0.17249936689504689
exp56,789,timm/eva02_tiny_patch14_224.mim_in22k,32,3,-0.1217945375366707,/root/graduation_thetis/causal-bert-pytorch/input/modelinput/noise-T-boost/Watch_preprocess_sharpness_ave_t0.8c10.0_noise0.5_1221-T_boost.csv,T_proxy,sharpness_ave,-0.16422768189284076,-0.15937690236471116
exp57,1000,timm/eva02_tiny_patch14_224.mim_in22k,32,3,-0.07817106757133883,/root/graduation_thetis/causal-bert-pytorch/input/modelinput/noise-T-boost/Appliance_preprocess_sharpness_ave_t0.8c0.8_noise0.5_1221-T_boost.csv,T_proxy,sharpness_ave,-0.17014535456192958,-0.16242836271869773
exp58,1000,timm/eva02_tiny_patch14_224.mim_in22k,32,3,-0.1390618224641173,/root/graduation_thetis/causal-bert-pytorch/input/modelinput/noise-T-boost/Appliance_preprocess_sharpness_ave_t0.8c10_noise0.5_1221-T_boost.csv,T_proxy,sharpness_ave,-0.2344239287859866,-0.13167304960414383
exp59,1000,timm/eva02_tiny_patch14_224.mim_in22k,32,3,-0.1666214960847976,/root/graduation_thetis/causal-bert-pytorch/input/modelinput/noise-T-boost/Watch_preprocess_sharpness_ave_t0.8c0.8_noise0.5_1221-T_boost.csv,T_proxy,sharpness_ave,-0.15868871241095217,-0.17249936689504689
exp60,1000,timm/eva02_tiny_patch14_224.mim_in22k,32,3,-0.1694310439919231,/root/graduation_thetis/causal-bert-pytorch/input/modelinput/noise-T-boost/Watch_preprocess_sharpness_ave_t0.8c10.0_noise0.5_1221-T_boost.csv,T_proxy,sharpness_ave,-0.16422768189284076,-0.15937690236471116
exp61,2000,timm/eva02_tiny_patch14_224.mim_in22k,32,3,-0.16548814976127924,/root/graduation_thetis/causal-bert-pytorch/input/modelinput/noise-T-boost/Appliance_preprocess_sharpness_ave_t0.8c0.8_noise0.5_1221-T_boost.csv,T_proxy,sharpness_ave,-0.17014535456192958,-0.16242836271869773
exp62,2000,timm/eva02_tiny_patch14_224.mim_in22k,32,3,-0.2051798357691285,/root/graduation_thetis/causal-bert-pytorch/input/modelinput/noise-T-boost/Appliance_preprocess_sharpness_ave_t0.8c10_noise0.5_1221-T_boost.csv,T_proxy,sharpness_ave,-0.2344239287859866,-0.13167304960414383
exp63,2000,timm/eva02_tiny_patch14_224.mim_in22k,32,3,-0.15388578923566262,/root/graduation_thetis/causal-bert-pytorch/input/modelinput/noise-T-boost/Watch_preprocess_sharpness_ave_t0.8c0.8_noise0.5_1221-T_boost.csv,T_proxy,sharpness_ave,-0.15868871241095217,-0.17249936689504689
exp64,2000,timm/eva02_tiny_patch14_224.mim_in22k,32,3,-0.1871939540340032,/root/graduation_thetis/causal-bert-pytorch/input/modelinput/noise-T-boost/Watch_preprocess_sharpness_ave_t0.8c10.0_noise0.5_1221-T_boost.csv,T_proxy,sharpness_ave,-0.16422768189284076,-0.15937690236471116
exp65,3000,timm/eva02_tiny_patch14_224.mim_in22k,32,3,-0.11520171957887472,/root/graduation_thetis/causal-bert-pytorch/input/modelinput/noise-T-boost/Appliance_preprocess_sharpness_ave_t0.8c0.8_noise0.5_1221-T_boost.csv,T_proxy,sharpness_ave,-0.17014535456192958,-0.16242836271869773
exp66,3000,timm/eva02_tiny_patch14_224.mim_in22k,32,3,-0.1973808644082892,/root/graduation_thetis/causal-bert-pytorch/input/modelinput/noise-T-boost/Appliance_preprocess_sharpness_ave_t0.8c10_noise0.5_1221-T_boost.csv,T_proxy,sharpness_ave,-0.2344239287859866,-0.13167304960414383
exp67,3000,timm/eva02_tiny_patch14_224.mim_in22k,32,3,-0.1259945287008506,/root/graduation_thetis/causal-bert-pytorch/input/modelinput/noise-T-boost/Watch_preprocess_sharpness_ave_t0.8c0.8_noise0.5_1221-T_boost.csv,T_proxy,sharpness_ave,-0.15868871241095217,-0.17249936689504689
exp68,3000,timm/eva02_tiny_patch14_224.mim_in22k,32,3,-0.1090451995933676,/root/graduation_thetis/causal-bert-pytorch/input/modelinput/noise-T-boost/Watch_preprocess_sharpness_ave_t0.8c10.0_noise0.5_1221-T_boost.csv,T_proxy,sharpness_ave,-0.16422768189284076,-0.15937690236471116
exp69,4000,timm/eva02_tiny_patch14_224.mim_in22k,32,3,-0.09863259601418138,/root/graduation_thetis/causal-bert-pytorch/input/modelinput/noise-T-boost/Appliance_preprocess_sharpness_ave_t0.8c0.8_noise0.5_1221-T_boost.csv,T_proxy,sharpness_ave,-0.17014535456192958,-0.16242836271869773
exp70,4000,timm/eva02_tiny_patch14_224.mim_in22k,32,3,-0.13148731341511133,/root/graduation_thetis/causal-bert-pytorch/input/modelinput/noise-T-boost/Appliance_preprocess_sharpness_ave_t0.8c10_noise0.5_1221-T_boost.csv,T_proxy,sharpness_ave,-0.2344239287859866,-0.13167304960414383
exp71,4000,timm/eva02_tiny_patch14_224.mim_in22k,32,3,-0.10984979159340463,/root/graduation_thetis/causal-bert-pytorch/input/modelinput/noise-T-boost/Watch_preprocess_sharpness_ave_t0.8c0.8_noise0.5_1221-T_boost.csv,T_proxy,sharpness_ave,-0.15868871241095217,-0.17249936689504689
exp72,4000,timm/eva02_tiny_patch14_224.mim_in22k,32,3,-0.13457478162525707,/root/graduation_thetis/causal-bert-pytorch/input/modelinput/noise-T-boost/Watch_preprocess_sharpness_ave_t0.8c10.0_noise0.5_1221-T_boost.csv,T_proxy,sharpness_ave,-0.16422768189284076,-0.15937690236471116
exp73,5000,timm/eva02_tiny_patch14_224.mim_in22k,32,3,-0.19461608170770783,/root/graduation_thetis/causal-bert-pytorch/input/modelinput/noise-T-boost/Appliance_preprocess_sharpness_ave_t0.8c0.8_noise0.5_1221-T_boost.csv,T_proxy,sharpness_ave,-0.17014535456192958,-0.16242836271869773
exp74,5000,timm/eva02_tiny_patch14_224.mim_in22k,32,3,-0.19230532824701668,/root/graduation_thetis/causal-bert-pytorch/input/modelinput/noise-T-boost/Appliance_preprocess_sharpness_ave_t0.8c10_noise0.5_1221-T_boost.csv,T_proxy,sharpness_ave,-0.2344239287859866,-0.13167304960414383
exp75,5000,timm/eva02_tiny_patch14_224.mim_in22k,32,3,-0.11603916936871633,/root/graduation_thetis/causal-bert-pytorch/input/modelinput/noise-T-boost/Watch_preprocess_sharpness_ave_t0.8c0.8_noise0.5_1221-T_boost.csv,T_proxy,sharpness_ave,-0.15868871241095217,-0.17249936689504689
exp76,5000,timm/eva02_tiny_patch14_224.mim_in22k,32,3,-0.12890818740935683,/root/graduation_thetis/causal-bert-pytorch/input/modelinput/noise-T-boost/Watch_preprocess_sharpness_ave_t0.8c10.0_noise0.5_1221-T_boost.csv,T_proxy,sharpness_ave,-0.16422768189284076,-0.15937690236471116
exp77,6000,timm/eva02_tiny_patch14_224.mim_in22k,32,3,-0.08899918552594352,/root/graduation_thetis/causal-bert-pytorch/input/modelinput/noise-T-boost/Appliance_preprocess_sharpness_ave_t0.8c0.8_noise0.5_1221-T_boost.csv,T_proxy,sharpness_ave,-0.17014535456192958,-0.16242836271869773
exp78,6000,timm/eva02_tiny_patch14_224.mim_in22k,32,3,-0.22513609007304533,/root/graduation_thetis/causal-bert-pytorch/input/modelinput/noise-T-boost/Appliance_preprocess_sharpness_ave_t0.8c10_noise0.5_1221-T_boost.csv,T_proxy,sharpness_ave,-0.2344239287859866,-0.13167304960414383
exp79,6000,timm/eva02_tiny_patch14_224.mim_in22k,32,3,-0.1789991448610045,/root/graduation_thetis/causal-bert-pytorch/input/modelinput/noise-T-boost/Watch_preprocess_sharpness_ave_t0.8c0.8_noise0.5_1221-T_boost.csv,T_proxy,sharpness_ave,-0.15868871241095217,-0.17249936689504689
exp80,6000,timm/eva02_tiny_patch14_224.mim_in22k,32,3,-0.1469955137239945,/root/graduation_thetis/causal-bert-pytorch/input/modelinput/noise-T-boost/Watch_preprocess_sharpness_ave_t0.8c10.0_noise0.5_1221-T_boost.csv,T_proxy,sharpness_ave,-0.16422768189284076,-0.15937690236471116
